{"cameraMode":{"drawMode":0,"name":"Shaded","section":"Shading Mode"},"sceneLighting":true,"audioPlay":false,"sceneViewState":{"m_AlwaysRefresh":false,"showFog":true,"showSkybox":true,"showFlares":true,"showImageEffects":true,"showParticleSystems":true,"showVisualEffectGraphs":true,"m_FxEnabled":true},"in2DMode":false,"pivot":{"x":9.475099563598633,"y":-1.4845232963562012,"z":-0.021880149841308595},"rotation":{"x":0.2731385827064514,"y":-0.07407883554697037,"z":0.021101336926221849,"w":0.9588866829872131},"size":8.464810371398926,"orthographic":false}