{"cameraMode":{"drawMode":0,"name":"Shaded","section":"Shading Mode"},"sceneLighting":true,"audioPlay":false,"sceneViewState":{"m_AlwaysRefresh":false,"showFog":true,"showSkybox":true,"showFlares":true,"showImageEffects":true,"showParticleSystems":true,"showVisualEffectGraphs":true,"m_FxEnabled":true},"in2DMode":false,"pivot":{"x":73.79183959960938,"y":465.6146240234375,"z":14.86285400390625},"rotation":{"x":0.0674494132399559,"y":-0.003593720030039549,"z":0.00024440919514745474,"w":0.9977259635925293},"size":157.52059936523438,"orthographic":false}